<beans xmlns="http://www.springframework.org/schema/beans"
	xmlns:context="http://www.springframework.org/schema/context"
	xmlns:mvc="http://www.springframework.org/schema/mvc" xmlns:xsi="http://www.w3.org/2001/XMLSchema-instance"
	xsi:schemaLocation="
        http://www.springframework.org/schema/beans     
        http://www.springframework.org/schema/beans/spring-beans-3.0.xsd
        http://www.springframework.org/schema/context 
        http://www.springframework.org/schema/context/spring-context-3.0.xsd
        http://www.springframework.org/schema/mvc
        http://www.springframework.org/schema/mvc/spring-mvc-3.0.xsd">

	<context:component-scan base-package="edu.ncsu.mavenbot.controller" />

	<mvc:annotation-driven />
	<bean name="propertyPlaceholder"
		class="org.springframework.beans.factory.config.PropertyPlaceholderConfigurer">
		<property name="locations">
			<value>classpath*:application.properties</value>
		</property>
	</bean>
	<bean
		class="org.springframework.web.servlet.view.InternalResourceViewResolver">
		<property name="prefix">
			<value>/WEB-INF/pages/</value>
		</property>
		<property name="suffix">
			<value>.jsp</value>
		</property>
	</bean>
	<bean id="decisionMakingController" class="edu.ncsu.mavenbot.controller.DecisionMakingController">
	<property name="project" value="${projectName}"></property>
	<property name="decisionMakingService" ref="decisionMakingService"></property>
	</bean>
	<bean id="botResponsemodel" class="edu.ncsu.mavenbot.model.BotResponseModel"></bean>
	<bean id="dependency" class="edu.ncsu.mavenbot.model.Dependency"></bean>
	<bean id="gitAdapter" class="edu.ncsu.mavenbot.adapters.GitAdapter">
	<property name="githubApiUrl" value="${git.api.url}"></property>
	<property name="repoUrl" value="${git.repo.url}"></property>
	<property name="currentDirectory" value="${git.repo.dir}"></property>
	</bean>
	<bean id="mavenOverseer" class="edu.ncsu.mavenbot.adapters.MavenOverseer">
		<property name="currentDirectory" value="${git.repo.dir}"></property>
		<property name="projectLocation" value="${git.repo.projectLocation}"></property>
		<property name="projectUpdateLocation" value="${git.repo.projectUpdateLocation}"></property>
		<property name="executablePath" value="${executablePath}"></property>
		<property name="defaultArg" value="${defaultArg}"></property>
	</bean>
	<bean id="decisionMakingService" class="edu.ncsu.mavenbot.service.DecisionMakingService">
		<property name="project" value=""></property>
		<property name="gitAdapter" ref="gitAdapter"></property>
		<property name="mavenOverseer" ref="mavenOverseer"></property>
		<property name="botResponseModel" ref="botResponsemodel"></property>
	</bean>
	<bean id="buildTaskScheduler" class="edu.ncsu.mavenbot.scheduler.MavenBuildScheduler"></bean>
	<!-- <task:scheduled-tasks> <task:scheduled ref="buildTaskScheduler" method="runJob" 
		cron="*/5 * * * * ?"></task:scheduled> </task:scheduled-tasks> -->

</beans>



